<?xml version='1.0' encoding='utf-8'?>
<!DOCTYPE hibernate-configuration PUBLIC
        "-//Hibernate/Hibernate Configuration DTD 3.0//EN"
        "http://www.hibernate.org/dtd/hibernate-configuration-3.0.dtd">
<hibernate-configuration>   

     
  <session-factory>
  
  <property name = "hibernate.dialect">
         org.hibernate.dialect.MySQLDialect
      </property>
      
      <property name = "hibernate.connection.driver_class">com.microsoft.sqlserver.jdbc.SQLServerDriver</property>
      <property name = "hibernate.connection.url">jdbc:sqlserver://DESKTOP-IK487B5\SQLEXPRESS;databaseName=geradorb</property>
      <property name = "hibernate.connection.username">sa</property>
      <property name = "hibernate.connection.password">Admin2018</property>
      <property name="hibernate.current_session_context_class">thread</property> 
  
   <property name="dialect">org.hibernate.dialect.SQLServerDialect</property>
    <property name="show_sql">true</property>  
    <mapping resource="pt/adentis/gerador/model/Geral.hbm.xml"/> 
    <mapping resource="pt/adentis/gerador/model/TipoContrato.hbm.xml"/>
    <mapping resource="pt/adentis/gerador/model/TipoProposta.hbm.xml"/> 
    <mapping resource="pt/adentis/gerador/model/CatProfissional.hbm.xml"/> 
  </session-factory>
</hibernate-configuration>