<?xml version="1.0" encoding="UTF-8"?>
<!DOCTYPE struts PUBLIC
    "-//Apache Software Foundation//DTD Struts Configuration 2.0//EN"
    "http://struts.apache.org/dtds/struts-2.0.dtd">

<struts>
 	<constant name="struts.action.excludePattern" value="/DocumentAction/?.*"/> 
	<package name="Gerador" extends="struts-default">
		
		
		
		<action name="FormAction" class="formActionBean">
			<result name="success">/WEB-INF/views/FormAction.jsp</result>
			<result name="error">/WEB-INF/views/LoginError.jsp</result>
		</action>
		

	
		
	</package>
</struts>